{"ServerStampedChecksum":"C8_Krm1qqYmxI4rvRboSwO8mCnDPFul8IgdV8Sj2EFj5dE=","ServerPerFileChecksums":{"AppCheckerResult.sarif":"C8_6SVI\u002B98Z5Ah/177BI61AcEoZFPZYhYauPsRCsQR3nL8=","Controls\\1.json":"C8_DxuHHiPeyyuFhYCYipObPGR/XuUWE04niIJno/Jsb9k=","Controls\\3.json":"C8_o94Mk2AT2rdWlUS6\u002BnAWcUfYS1Bk6\u002BgF4aW8J2MbbrE=","Header.json":"C8_wfMtpZlaGsLbHUX9IlCRKw9h84/rKa\u002B3XbC3XJVbU48=","Properties.json":"C8_mdOKeK\u002BtPufAl4EEtr6fDmif0FaWIk3gFTG9hK3jufY=","References\\DataSources.json":"C8_1Mz8z/quQND5c2f8m0mw1Mjdi\u002BggLSDhPUoMPaSWpDQ=","References\\Resources.json":"C8_o8YVeUoBOQZMN\u002BH7s7E9s1TDtWtrOeuiBA3wJXAjo2Y=","References\\Templates.json":"C8_aE9wj7r0OQn47QTsFYU/hPJPz5X7T1aZS/quegmeyRc=","References\\Themes.json":"C8_ICevVr7hFBimNEmK/6NDb4YE2H0Ri8BUiWgASaENw7U=","Resources\\PublishInfo.json":"C8_N8KBJaJoOPuuARvNozAeFIRw\u002BdYCwywtDzPZHmhqD3o="}}