{"Author":"","Name":"blankApp.msapp","Id":"4235d250-7b6b-4c1a-bc44-71e7aa2c522d","FileID":"2e0324f5-8e0d-4720-b916-f941773ca4f0","LocalConnectionReferences":"{}","LocalDatabaseReferences":"{}","LibraryDependencies":"[]","AppPreviewFlagsMap":{"delayloadscreens":true,"errorhandling":false,"enableappembeddingux":false,"blockmovingcontrol":true,"projectionmapping":true,"usedisplaynamemetadata":true,"usenonblockingonstartrule":true,"longlivingcache":false,"useguiddatatypes":true,"useexperimentalcdsconnector":true,"useenforcesavedatalimits":true,"webbarcodescanner":false,"componentauthoring":true,"reliableconcurrent":true,"parallelcodegen":false,"datatablev2control":true,"nativecdsexperimental":true,"reactformulabar":false,"delaycontrolrendering":false,"useexperimentalsqlconnector":true,"disablecdsfileandlargeimage":false,"formuladataprefetch":true,"enablerulespanel":false,"enhanceddelegation":true,"generatedebugpublishedapp":false,"keeprecentscreensloaded":false,"aibuilderserviceenrollment":true,"enableaimodelsindatapane":false,"dynamicschema":false,"enablerowscopeonetonexpand":false,"herocontrols":false,"classiccontrols":false,"enablepcfmoderndatasets":true,"improvedmediacapture":false,"optimizedforteamsmeeting":false,"behaviorpropertyui":false,"autocreateenvironmentvariables":false,"externalmessage":false,"enhancedgalleryinitialization":true,"backfromhostaction":false,"enableonstartnavigate":false,"enableexcelonlinebusinessv2connector":false,"enableonstart":true,"exportimportcomponents2":true,"copyandmerge":false,"allowmultiplescreensincanvaspages":false,"enablecomponentscopeoldbehavior":false,"enableideaspanel":true,"enablesaveloadcleardataonweb":false,"enablepowerautomatepane":false,"rtlsupport":false},"DocumentLayoutWidth":1366,"DocumentLayoutHeight":768,"DocumentLayoutOrientation":"landscape","DocumentLayoutScaleToFit":true,"DocumentLayoutMaintainAspectRatio":true,"DocumentLayoutLockOrientation":false,"OriginatingVersion":"1.317","DocumentAppType":"DesktopOrTablet","DocumentType":"App","AppCreationSource":"AppFromScratch","AppDescription":"","DefaultConnectedDataSourceMaxGetRowsCount":500,"ContainsThirdPartyPcfControls":false,"ErrorCount":0,"InstrumentationKey":"","EnableInstrumentation":false,"ControlCount":{},"AnalysisLoadTime":0.0189907}