<ImportExportXml version="9.2.22023.133" SolutionPackageVersion="9.2" languagecode="1033" generatedBy="CrmLive" xmlns:xsi="http://www.w3.org/2001/XMLSchema-instance">
  <SolutionManifest>
    <UniqueName>PowerAppsCheckList</UniqueName>
    <LocalizedNames>
      <LocalizedName description="PowerApps CheckList" languagecode="1033" />
    </LocalizedNames>
    <Descriptions />
    <Version>1.0.4.2</Version>
    <Managed>0</Managed>
    <Publisher>
      <UniqueName>DPKDP</UniqueName>
      <LocalizedNames>
        <LocalizedName description="Daves PK Demo Publisher" languagecode="1033" />
      </LocalizedNames>
      <Descriptions />
      <EMailAddress>dsoden@pkglobal.com</EMailAddress>
      <SupportingWebsiteUrl>pk.com</SupportingWebsiteUrl>
      <CustomizationPrefix>dpkdp</CustomizationPrefix>
      <CustomizationOptionValuePrefix>10000</CustomizationOptionValuePrefix>
      <Addresses>
        <Address>
          <AddressNumber>1</AddressNumber>
          <AddressTypeCode>1</AddressTypeCode>
          <City>Atlanta</City>
          <County xsi:nil="true"></County>
          <Country>United States</Country>
          <Fax xsi:nil="true"></Fax>
          <FreightTermsCode xsi:nil="true"></FreightTermsCode>
          <ImportSequenceNumber xsi:nil="true"></ImportSequenceNumber>
          <Latitude xsi:nil="true"></Latitude>
          <Line1>123 any street</Line1>
          <Line2 xsi:nil="true"></Line2>
          <Line3 xsi:nil="true"></Line3>
          <Longitude xsi:nil="true"></Longitude>
          <Name xsi:nil="true"></Name>
          <PostalCode>30050</PostalCode>
          <PostOfficeBox xsi:nil="true"></PostOfficeBox>
          <PrimaryContactName xsi:nil="true"></PrimaryContactName>
          <ShippingMethodCode>1</ShippingMethodCode>
          <StateOrProvince>GA</StateOrProvince>
          <Telephone1>4048551795</Telephone1>
          <Telephone2 xsi:nil="true"></Telephone2>
          <Telephone3 xsi:nil="true"></Telephone3>
          <TimeZoneRuleVersionNumber xsi:nil="true"></TimeZoneRuleVersionNumber>
          <UPSZone xsi:nil="true"></UPSZone>
          <UTCOffset xsi:nil="true"></UTCOffset>
          <UTCConversionTimeZoneCode xsi:nil="true"></UTCConversionTimeZoneCode>
        </Address>
        <Address>
          <AddressNumber>2</AddressNumber>
          <AddressTypeCode>1</AddressTypeCode>
          <City xsi:nil="true"></City>
          <County xsi:nil="true"></County>
          <Country xsi:nil="true"></Country>
          <Fax xsi:nil="true"></Fax>
          <FreightTermsCode xsi:nil="true"></FreightTermsCode>
          <ImportSequenceNumber xsi:nil="true"></ImportSequenceNumber>
          <Latitude xsi:nil="true"></Latitude>
          <Line1 xsi:nil="true"></Line1>
          <Line2 xsi:nil="true"></Line2>
          <Line3 xsi:nil="true"></Line3>
          <Longitude xsi:nil="true"></Longitude>
          <Name xsi:nil="true"></Name>
          <PostalCode xsi:nil="true"></PostalCode>
          <PostOfficeBox xsi:nil="true"></PostOfficeBox>
          <PrimaryContactName xsi:nil="true"></PrimaryContactName>
          <ShippingMethodCode>1</ShippingMethodCode>
          <StateOrProvince xsi:nil="true"></StateOrProvince>
          <Telephone1 xsi:nil="true"></Telephone1>
          <Telephone2 xsi:nil="true"></Telephone2>
          <Telephone3 xsi:nil="true"></Telephone3>
          <TimeZoneRuleVersionNumber xsi:nil="true"></TimeZoneRuleVersionNumber>
          <UPSZone xsi:nil="true"></UPSZone>
          <UTCOffset xsi:nil="true"></UTCOffset>
          <UTCConversionTimeZoneCode xsi:nil="true"></UTCConversionTimeZoneCode>
        </Address>
      </Addresses>
    </Publisher>
    <RootComponents>
      <RootComponent type="1" schemaName="dpkdp_app" behavior="0" />
      <RootComponent type="1" schemaName="dpkdp_appsecurity" behavior="0" />
      <RootComponent type="1" schemaName="dpkdp_apptaskauditlog" behavior="0" />
      <RootComponent type="1" schemaName="dpkdp_checklist" behavior="0" />
      <RootComponent type="1" schemaName="dpkdp_commentlog" behavior="0" />
      <RootComponent type="1" schemaName="dpkdp_task" behavior="0" />
      <RootComponent type="9" schemaName="dpkdp_status" behavior="0" />
      <RootComponent type="29" id="{95df647d-579f-ec11-b400-6045bdaacdaa}" behavior="0" />
      <RootComponent type="29" id="{b28202cf-1594-ec11-b400-0022486ed526}" behavior="0" />
      <RootComponent type="300" schemaName="dpkdp_appchecklist_4f741" behavior="0" />
    </RootComponents>
    <MissingDependencies>
      <MissingDependency>
        <Required type="1" schemaName="environmentvariabledefinition" displayName="Environment Variable Definition" solution="EnvironmentVariables (1.0.2.117)" />
        <Dependent type="300" schemaName="dpkdp_appchecklist_4f741" displayName="App CheckList" />
      </MissingDependency>
      <MissingDependency>
        <Required type="1" schemaName="environmentvariablevalue" displayName="Environment Variable Value" solution="EnvironmentVariables (1.0.2.117)" />
        <Dependent type="300" schemaName="dpkdp_appchecklist_4f741" displayName="App CheckList" />
      </MissingDependency>
    </MissingDependencies>
  </SolutionManifest>
</ImportExportXml>